time,migration_rate
1950-1955,0.011757
1955-1960,0.021653
1960-1965,-0.001682
1965-1970,0.000056
1970-1975,0.00388
1975-1980,-0.001201
1980-1985,0.005829
1985-1990,0.011739
1990-1995,-0.002986
1995-2000,-0.004598
2000-2005,-0.002054
2005-2010,-0.001753
2010-2015,-0.001469
